player,pos,team,adp,rank,date
Jonathan Taylor,RB,IND,1.1,1,2022-05-09
Cooper Kupp,WR,LA,2.6,2,2022-05-09
Christian McCaffrey,RB,CAR,3.4,3,2022-05-09
Derrick Henry,RB,TEN,5,4,2022-05-09
Ja'Marr Chase,WR,CIN,5.2,5,2022-05-09
Justin Jefferson,WR,MIN,5.5,6,2022-05-09
Austin Ekeler,RB,LAC,6.9,7,2022-05-09
Najee Harris,RB,PIT,8.1,8,2022-05-09
Davante Adams,WR,LV,9.8,9,2022-05-09
Dalvin Cook,RB,MIN,10.5,10,2022-05-09
Joe Mixon,RB,CIN,11.5,11,2022-05-09
Stefon Diggs,WR,BUF,11.9,12,2022-05-09
Travis Kelce,TE,KC,12.7,13,2022-05-09
CeeDee Lamb,WR,DAL,14.3,14,2022-05-09
Deebo Samuel,WR,SF,16.5,15,2022-05-09
Mark Andrews,TE,BAL,16.6,16,2022-05-09
Alvin Kamara,RB,NO,18.4,17,2022-05-09
D'Andre Swift,RB,DET,19,18,2022-05-09
Tyreek Hill,WR,MIA,19.2,19,2022-05-09
Nick Chubb,RB,CLE,21,20,2022-05-09
Mike Evans,WR,TB,21.5,21,2022-05-09
Javonte Williams,RB,DEN,22,22,2022-05-09
Josh Allen,QB,BUF,22.4,23,2022-05-09
A.J. Brown,WR,PHI,24.3,24,2022-05-09
Leonard Fournette,RB,TB,25.1,25,2022-05-09
Aaron Jones,RB,GB,25.7,26,2022-05-09
Tee Higgins,WR,CIN,26.4,27,2022-05-09
Saquon Barkley,RB,NYG,27.2,28,2022-05-09
Keenan Allen,WR,LAC,28.6,29,2022-05-09
James Conner,RB,ARI,29.9,30,2022-05-09
Kyle Pitts,TE,ATL,31.6,31,2022-05-09
Jaylen Waddle,WR,MIA,33.4,32,2022-05-09
Cam Akers,RB,LA,35,33,2022-05-09
Diontae Johnson,WR,PIT,36.1,34,2022-05-09
Patrick Mahomes,QB,KC,36.4,35,2022-05-09
D.K. Metcalf,WR,SEA,38,36,2022-05-09
DJ Moore,WR,CAR,38.1,37,2022-05-09
Darren Waller,TE,LV,39.4,38,2022-05-09
Amari Cooper,WR,CLE,41.7,39,2022-05-09
Justin Herbert,QB,LAC,42.1,40,2022-05-09
Michael Pittman,WR,IND,42.3,41,2022-05-09
Lamar Jackson,QB,BAL,42.5,42,2022-05-09
George Kittle,TE,SF,44.9,43,2022-05-09
David Montgomery,RB,CHI,44.9,44,2022-05-09
Ezekiel Elliott,RB,DAL,45.5,45,2022-05-09
Marquise Brown,WR,ARI,45.6,46,2022-05-09
Chris Godwin,WR,TB,46.1,47,2022-05-09
Jerry Jeudy,WR,DEN,47.7,48,2022-05-09
Mike Williams,WR,LAC,47.7,49,2022-05-09
J.K. Dobbins,RB,BAL,48.1,50,2022-05-09
Terry McLaurin,WR,WAS,50,51,2022-05-09
Antonio Gibson,RB,WAS,50.4,52,2022-05-09
Breece Hall,RB,NYJ,50.6,53,2022-05-09
Michael Thomas,WR,NO,55.6,54,2022-05-09
Courtland Sutton,WR,DEN,56.8,55,2022-05-09
Kyler Murray,QB,ARI,57,56,2022-05-09
Travis Etienne,RB,JAX,58.6,57,2022-05-09
JuJu Smith-Schuster,WR,KC,59.2,58,2022-05-09
Gabriel Davis,WR,BUF,59.3,59,2022-05-09
Joe Burrow,QB,CIN,59.5,60,2022-05-09
Allen Robinson,WR,LA,60.8,61,2022-05-09
Josh Jacobs,RB,LV,61,62,2022-05-09
Jalen Hurts,QB,PHI,64.7,63,2022-05-09
Elijah Moore,WR,NYJ,65.1,64,2022-05-09
Rashod Bateman,WR,BAL,65.3,65,2022-05-09
Elijah Mitchell,RB,SF,65.4,66,2022-05-09
Darnell Mooney,WR,CHI,67.6,67,2022-05-09
Brandin Cooks,WR,HOU,67.7,68,2022-05-09
Amon-Ra St. Brown,WR,DET,68.3,69,2022-05-09
Drake London,WR,ATL,72.6,70,2022-05-09
DeVonta Smith,WR,PHI,72.7,71,2022-05-09
Tom Brady,QB,TB,72.7,72,2022-05-09
Russell Wilson,QB,DEN,72.9,73,2022-05-09
DeAndre Hopkins,WR,ARI,72.9,74,2022-05-09
Treylon Burks,WR,TEN,73.5,75,2022-05-09
AJ Dillon,RB,GB,75.6,76,2022-05-09
T.J. Hockenson,TE,DET,77.4,77,2022-05-09
Adam Thielen,WR,MIN,78.3,78,2022-05-09
Dak Prescott,QB,DAL,81.1,79,2022-05-09
Brandon Aiyuk,WR,SF,82.9,80,2022-05-09
Dalton Schultz,TE,DAL,82.9,81,2022-05-09
Damien Harris,RB,NE,83.4,82,2022-05-09
Tyler Lockett,WR,SEA,83.7,83,2022-05-09
Cordarrelle Patterson,RB,ATL,84.5,84,2022-05-09
Hunter Renfrow,WR,LV,85.7,85,2022-05-09
Miles Sanders,RB,PHI,86.7,86,2022-05-09
Skyy Moore,WR,KC,87.4,87,2022-05-09
Clyde Edwards-Helaire,RB,KC,87.7,88,2022-05-09
Matthew Stafford,QB,LA,88.2,89,2022-05-09
Kenneth Walker,RB,SEA,89.5,90,2022-05-09
Dallas Goedert,TE,PHI,90.2,91,2022-05-09
Garrett Wilson,WR,NYJ,93.4,92,2022-05-09
Aaron Rodgers,QB,GB,94.1,93,2022-05-09
Tony Pollard,RB,DAL,94.6,94,2022-05-09
Chris Olave,WR,NO,94.7,95,2022-05-09
Trey Lance,QB,SF,96.2,96,2022-05-09
Dawson Knox,TE,BUF,96.9,97,2022-05-09
Robert Woods,WR,TEN,99.2,98,2022-05-09
Christian Kirk,WR,JAX,99.7,99,2022-05-09
Kareem Hunt,RB,CLE,100.2,100,2022-05-09
Christian Watson,WR,GB,100.3,101,2022-05-09
Devin Singletary,RB,BUF,101.2,102,2022-05-09
Deshaun Watson,QB,CLE,103.8,103,2022-05-09
Derek Carr,QB,LV,104.3,104,2022-05-09
Michael Gallup,WR,DAL,106.5,105,2022-05-09
Chase Claypool,WR,PIT,106.5,106,2022-05-09
Chase Edmonds,RB,MIA,106.6,107,2022-05-09
Jameson Williams,WR,DET,106.9,108,2022-05-09
Allen Lazard,WR,GB,108.5,109,2022-05-09
Russell Gage,WR,TB,108.9,110,2022-05-09
Kadarius Toney,WR,NYG,109.8,111,2022-05-09
James Cook,RB,BUF,110.9,112,2022-05-09
Marquez Valdes-Scantling,WR,KC,112.1,113,2022-05-09
Tyler Boyd,WR,CIN,113.4,114,2022-05-09
Zach Ertz,TE,ARI,113.9,115,2022-05-09
Melvin Gordon,RB,DEN,114.6,116,2022-05-09
Rondale Moore,WR,ARI,117,117,2022-05-09
Kirk Cousins,QB,MIN,117.2,118,2022-05-09
Rashaad Penny,RB,SEA,118.1,119,2022-05-09
Pat Freiermuth,TE,PIT,122.1,120,2022-05-09
Rhamondre Stevenson,RB,NE,123.8,121,2022-05-09
Mike Gesicki,TE,MIA,124.3,122,2022-05-09
Tua Tagovailoa,QB,MIA,124.9,123,2022-05-09
Michael Carter,RB,NYJ,125.2,124,2022-05-09
Kenny Golladay,WR,NYG,125.5,125,2022-05-09
Justin Fields,QB,CHI,127,126,2022-05-09
Alexander Mattison,RB,MIN,127.9,127,2022-05-09
Rob Gronkowski,TE,TB,128,128,2022-05-09
Ronald Jones,RB,KC,128.5,129,2022-05-09
Dameon Pierce,RB,HOU,130.3,130,2022-05-09
DeVante Parker,WR,NE,132.6,131,2022-05-09
Jakobi Meyers,WR,NE,133.2,132,2022-05-09
Rachaad White,RB,TB,133.2,133,2022-05-09
Albert Okwuegbunam,TE,DEN,134.6,134,2022-05-09
Mecole Hardman,WR,KC,135.3,135,2022-05-09
Isaiah Spiller,RB,LAC,138.7,136,2022-05-09
Trevor Lawrence,QB,JAX,139.4,137,2022-05-09
Irv Smith,TE,MIN,140.7,138,2022-05-09
George Pickens,WR,PIT,141.7,139,2022-05-09
Hunter Henry,TE,NE,142.6,140,2022-05-09
James Robinson,RB,JAX,143.6,141,2022-05-09
Robert Tonyan,TE,GB,144,142,2022-05-09
Corey Davis,WR,NYJ,144.1,143,2022-05-09
D.J. Chark,WR,DET,146.3,144,2022-05-09
Jahan Dotson,WR,WAS,146.3,145,2022-05-09
Raheem Mostert,RB,MIA,146.7,146,2022-05-09
William Fuller,WR,N/A,147.8,147,2022-05-09
Cole Kmet,TE,CHI,148.8,148,2022-05-09
Zach Wilson,QB,NYJ,149.5,149,2022-05-09
Tim Patrick,WR,DEN,149.5,150,2022-05-09
Van Jefferson,WR,LA,150.2,151,2022-05-09
Tyler Allgeier,RB,ATL,151.5,152,2022-05-09
David Bell,WR,CLE,153,153,2022-05-09
Matt Ryan,QB,IND,154.4,154,2022-05-09
Tyler Higbee,TE,LA,155.6,155,2022-05-09
Jamison Crowder,WR,BUF,158,156,2022-05-09
Gus Edwards,RB,BAL,158.2,157,2022-05-09
Noah Fant,TE,SEA,160.9,158,2022-05-09
K.J. Osborn,WR,MIN,161.2,159,2022-05-09
David Njoku,TE,CLE,161.3,160,2022-05-09
Ryan Tannehill,QB,TEN,162.6,161,2022-05-09
Darrell Henderson,RB,LA,162.8,162,2022-05-09
Kenneth Gainwell,RB,PHI,164.3,163,2022-05-09
Jarvis Landry,WR,N/A,164.9,164,2022-05-09
Odell Beckham,WR,N/A,167.3,165,2022-05-09
Nyheim Hines,RB,IND,168.3,166,2022-05-09
Daniel Jones,QB,NYG,170.2,167,2022-05-09
Mac Jones,QB,NE,170.8,168,2022-05-09
Jameis Winston,QB,NO,171.1,169,2022-05-09
Joshua Palmer,WR,LAC,171.2,170,2022-05-09
Logan Thomas,TE,WAS,171.9,171,2022-05-09
Curtis Samuel,WR,WAS,172.6,172,2022-05-09
Khalil Herbert,RB,CHI,174.1,173,2022-05-09
Marlon Mack,RB,HOU,174.3,174,2022-05-09
Marvin Jones,WR,JAX,174.4,175,2022-05-09
Sammy Watkins,WR,GB,175.9,176,2022-05-09
John Metchie,WR,HOU,176.3,177,2022-05-09
Brian Robinson Jr.,RB,WAS,177.6,178,2022-05-09
Alec Pierce,WR,IND,179.8,179,2022-05-09
Donovan Peoples-Jones,WR,CLE,180.4,180,2022-05-09
Jalen Tolbert,WR,DAL,181.2,181,2022-05-09
Robby Anderson,WR,CAR,181.7,182,2022-05-09
Taysom Hill,TE,NO,183,183,2022-05-09
Gerald Everett,TE,LAC,183.9,184,2022-05-09
Evan Engram,TE,JAX,183.9,185,2022-05-09
Julio Jones,WR,N/A,184.4,186,2022-05-09
Jamaal Williams,RB,DET,185.4,187,2022-05-09
Jared Goff,QB,DET,187.9,188,2022-05-09
A.J. Green,WR,ARI,190.2,189,2022-05-09
Carson Wentz,QB,WAS,190.3,190,2022-05-09
Tyrion Davis-Price,RB,SF,190.8,191,2022-05-09
Hayden Hurst,TE,CIN,191.2,192,2022-05-09
J.D. McKissic,RB,WAS,192.9,193,2022-05-09
Kendrick Bourne,WR,NE,195.4,194,2022-05-09
Laviska Shenault,WR,JAX,195.9,195,2022-05-09
Zamir White,RB,LV,198.2,196,2022-05-09
KJ Hamler,WR,DEN,198.6,197,2022-05-09
Nico Collins,WR,HOU,199.1,198,2022-05-09
Davis Mills,QB,HOU,200.3,199,2022-05-09
James Washington,WR,DAL,202.3,200,2022-05-09
Austin Hooper,TE,TEN,203.6,201,2022-05-09
Sterling Shepard,WR,NYG,204.1,202,2022-05-09
C.J. Uzomah,TE,NYJ,204.9,203,2022-05-09
Wan'Dale Robinson,WR,NYG,205.2,204,2022-05-09
Marcus Mariota,QB,ATL,205.9,205,2022-05-09
Chuba Hubbard,RB,CAR,206,206,2022-05-09
Kenyan Drake,RB,LV,206.6,207,2022-05-09
D'Onta Foreman,RB,CAR,207.2,208,2022-05-09
Kenny Pickett,QB,PIT,208.1,209,2022-05-09
Isaiah McKenzie,WR,BUF,208.9,210,2022-05-09
Hassan Haskins,RB,TEN,209.2,211,2022-05-09
Kyren Williams,RB,LA,209.2,212,2022-05-09
Trey McBride,TE,ARI,209.8,213,2022-05-09
Justyn Ross,WR,KC,210.8,214,2022-05-09
Byron Pringle,WR,CHI,210.8,215,2022-05-09
Sony Michel,RB,LA,211.1,216,2022-05-09
Keaontay Ingram,RB,ARI,211.3,217,2022-05-09
Brevin Jordan,TE,HOU,211.3,218,2022-05-09
Devin Duvernay,WR,BAL,211.4,219,2022-05-09
Trey Sermon,RB,SF,211.5,220,2022-05-09
Romeo Doubs,WR,GB,211.5,221,2022-05-09
Cameron Brate,TE,TB,211.9,222,2022-05-09
D'Ernest Johnson,RB,CLE,212.3,223,2022-05-09
Marquez Callaway,WR,NO,212.4,224,2022-05-09
Cedrick Wilson,WR,MIA,212.4,225,2022-05-09
Mitchell Trubisky,QB,PIT,213.4,226,2022-05-09
Mo Alie-Cox,TE,IND,213.7,227,2022-05-09
Tyquan Thornton,WR,NE,213.9,228,2022-05-09
Drew Lock,QB,SEA,213.9,229,2022-05-09
Mark Ingram,RB,NO,213.9,230,2022-05-09
Nelson Agholor,WR,NE,214,231,2022-05-09
Khalil Shakir,WR,BUF,214.2,232,2022-05-09
Damien Williams,RB,ATL,214.3,233,2022-05-09
Parris Campbell,WR,IND,214.3,234,2022-05-09
Jonnu Smith,TE,NE,214.5,235,2022-05-09
Velus Jones,WR,CHI,214.5,236,2022-05-09
James White,RB,NE,214.6,237,2022-05-09
Randall Cobb,WR,GB,214.6,238,2022-05-09
Chris Carson,RB,SEA,214.6,239,2022-05-09
Zay Jones,WR,JAX,214.7,240,2022-05-09
Terrace Marshall,WR,CAR,214.8,241,2022-05-09
Eno Benjamin,RB,ARI,214.8,242,2022-05-09
T.Y. Hilton,WR,IND,214.8,243,2022-05-09
Tylan Wallace,WR,BAL,214.8,244,2022-05-09
Jared Cook,TE,LAC,215,245,2022-05-09
Jimmy Garoppolo,QB,SF,215.2,246,2022-05-09
Samaje Perine,RB,CIN,215.2,247,2022-05-09
Antonio Brown,WR,N/A,215.2,248,2022-05-09
Jerick McKinnon,RB,KC,215.2,249,2022-05-09
Braxton Berrios,WR,NYJ,215.3,250,2022-05-09
Jelani Woods,TE,IND,215.3,251,2022-05-09
Jalen Guyton,WR,LAC,215.3,252,2022-05-09
Nick Westbrook-Ikhine,WR,TEN,215.3,253,2022-05-09
Malik Willis,QB,TEN,215.4,254,2022-05-09
Tyler Badie,RB,BAL,215.4,255,2022-05-09
Harrison Bryant,TE,CLE,215.4,256,2022-05-09
Matt Breida,RB,NYG,215.4,257,2022-05-09
Todd Gurley,RB,N/A,215.4,258,2022-05-09
Amari Rodgers,WR,GB,215.4,259,2022-05-09
Ricky Seals-Jones,TE,NYG,215.4,260,2022-05-09
Anthony Schwartz,WR,CLE,215.4,261,2022-05-09
Quez Watkins,WR,PHI,215.4,262,2022-05-09
Isiah Pacheco,RB,KC,215.5,263,2022-05-09
Danny Gray,WR,SF,215.5,264,2022-05-09
Ke'Shawn Vaughn,RB,TB,215.5,265,2022-05-09
Sam Darnold,QB,CAR,215.5,266,2022-05-09
Darrynton Evans,RB,CHI,215.5,267,2022-05-09
Chris Evans,RB,CIN,215.6,268,2022-05-09
J.J. Taylor,RB,NE,215.6,269,2022-05-09
O.J. Howard,TE,BUF,215.6,270,2022-05-09
Baker Mayfield,QB,CLE,215.6,271,2022-05-09
Desmond Ridder,QB,ATL,215.6,272,2022-05-09
Olamide Zaccheaus,WR,ATL,215.6,273,2022-05-09
Jimmy Graham,TE,CHI,215.6,274,2022-05-09
Cole Beasley,WR,N/A,215.6,275,2022-05-09
Rex Burkhead,RB,HOU,215.6,276,2022-05-09
Myles Gaskin,RB,MIA,215.6,277,2022-05-09
Justin Jackson,RB,LAC,215.6,278,2022-05-09
Greg Dulcich,TE,DEN,215.6,279,2022-05-09
Taiwan Jones,RB,BUF,215.6,280,2022-05-09
Jauan Jennings,WR,SF,215.7,281,2022-05-09
Giovani Bernard,RB,TB,215.7,282,2022-05-09
Matt Corral,QB,CAR,215.7,283,2022-05-09
DeSean Jackson,WR,LV,215.7,284,2022-05-09
Calvin Austin,WR,PIT,215.7,285,2022-05-09
Lamar Miller,RB,N/A,215.7,286,2022-05-09
Pierre Strong,RB,NE,215.8,287,2022-05-09
Jamal Agnew,WR,JAX,215.8,288,2022-05-09
Antoine Wesley,WR,ARI,215.8,289,2022-05-09
Adam Trautman,TE,NO,215.8,290,2022-05-09
Auden Tate,WR,ATL,215.8,291,2022-05-09
Boston Scott,RB,PHI,215.8,292,2022-05-09
Charlie Kolar,TE,BAL,215.8,293,2022-05-09
Dontrell Hilliard,RB,TEN,215.9,294,2022-05-09
Darrel Williams,RB,KC,215.9,295,2022-05-09
Darius Slayton,WR,NYG,215.9,296,2022-05-09
Quintez Cephus,WR,DET,215.9,297,2022-05-09
Leddie Brown,RB,LAC,215.9,298,2022-05-09
Marcedes Lewis,TE,GB,215.9,299,2022-05-09
Josh Gordon,WR,KC,215.9,300,2022-05-09
Tre'Quan Smith,WR,NO,215.9,301,2022-05-09
Abram Smith,RB,NO,215.9,302,2022-05-09
Emmanuel Sanders,WR,BUF,215.9,303,2022-05-09
Tyler Conklin,TE,NYJ,215.9,304,2022-05-09
Zach Pascal,WR,PHI,215.9,305,2022-05-09
Deonte Harris,WR,NO,215.9,306,2022-05-09
Tarik Cohen,RB,N/A,215.9,307,2022-05-09
Geno Smith,QB,SEA,215.9,308,2022-05-09
Bryan Edwards,WR,LV,215.9,309,2022-05-09
Dan Arnold,TE,JAX,215.9,310,2022-05-09
Dyami Brown,WR,WAS,215.9,311,2022-05-09
Jeff Wilson,RB,SF,215.9,312,2022-05-09
Josh Reynolds,WR,DET,215.9,313,2022-05-09
Donald Parham,TE,LAC,215.9,314,2022-05-09
Equanimeous St. Brown,WR,CHI,215.9,315,2022-05-09
John Bates,TE,WAS,215.9,316,2022-05-09
Kennedy Brooks,RB,PHI,215.9,317,2022-05-09
James Proche,WR,BAL,215.9,318,2022-05-09
Tutu Atwell,WR,LA,216,319,2022-05-09
Ihmir Smith-Marsette,WR,MIN,216,320,2022-05-09
Foster Moreau,TE,LV,216,321,2022-05-09
Noah Gray,TE,KC,216,322,2022-05-09
Jalen Reagor,WR,PHI,216,323,2022-05-09
Sam Howell,QB,WAS,216,324,2022-05-09
Tyler Huntley,QB,BAL,216,325,2022-05-09
Ty Chandler,RB,MIN,216,326,2022-05-09
Dontario Drummond,WR,DAL,216,327,2022-05-09
Benny Snell,RB,PIT,216,328,2022-05-09
Sam Ehlinger,QB,IND,216,329,2022-05-09
Jalen Nailor,WR,MIN,216,330,2022-05-09
Kene Nwangwu,RB,MIN,216,331,2022-05-09
Tony Jones,RB,NO,216,332,2022-05-09
Chad Henne,QB,KC,216,333,2022-05-09
Kylen Granson,TE,IND,216,334,2022-05-09
Laquon Treadwell,WR,JAX,216,335,2022-05-09
Jalen Wydermyer,TE,BUF,216,336,2022-05-09
Eric Ezukanma,WR,MIA,216,337,2022-05-09
Kevin Harris,RB,NE,216,338,2022-05-09
Tommy Tremble,TE,CAR,216,339,2022-05-09
Kevin Austin,WR,JAX,216,340,2022-05-09
Cooper Rush,QB,DAL,216,341,2022-05-09
Kyle Philips,WR,TEN,216,342,2022-05-09
Wayne Gallman,RB,MIN,216,343,2022-05-09
Jordan Akins,TE,NYG,216,344,2022-05-09
Jerome Ford,RB,CLE,216,345,2022-05-09
Snoop Conner,RB,JAX,216,346,2022-05-09
Kristian Wilkerson,WR,NE,216,347,2022-05-09
Rashid Shaheed,WR,NO,216,348,2022-05-09
Tre' McKitty,TE,LAC,216,349,2022-05-09
Breshad Perriman,WR,TB,216,350,2022-05-09
Jordan Love,QB,GB,216,351,2022-05-09
Cam Sims,WR,WAS,216,352,2022-05-09
Jerreth Sterns,WR,TB,216,353,2022-05-09
Ryan Fitzpatrick,QB,WAS,216,354,2022-05-09
Keelan Cole,WR,NYJ,216,355,2022-05-09
Ty'Son Williams,RB,BAL,216,356,2022-05-09
Greg Ward,WR,PHI,216,357,2022-05-09
Zonovan Knight,RB,NYJ,216,358,2022-05-09
Jacoby Brissett,QB,CLE,216,359,2022-05-09
Rashard Higgins,WR,CAR,216,360,2022-05-09
Teddy Bridgewater,QB,MIA,216,361,2022-05-09
Scott Miller,WR,TB,216,362,2022-05-09
Demarcus Robinson,WR,LV,216,363,2022-05-09
Danny Amendola,WR,HOU,216,364,2022-05-09
Kalen Ballage,RB,PIT,216,365,2022-05-09
Willie Snead,WR,N/A,216,366,2022-05-09
Chris Conley,WR,HOU,216,367,2022-05-09
Carlos Hyde,RB,N/A,216,368,2022-05-09
Kyle Juszczyk,RB,SF,216,369,2022-05-09
Keke Coutee,WR,IND,216,370,2022-05-09
Joshua Kelley,RB,LAC,216,371,2022-05-09
Tyron Johnson,WR,LV,216,372,2022-05-09
Jakeem Grant,WR,CLE,216,373,2022-05-09
David Johnson,RB,HOU,216,374,2022-05-09
Zack Moss,RB,BUF,216,375,2022-05-09
Tre Turner,WR,LV,216,376,2022-05-09
Preston Williams,WR,MIA,216,377,2022-05-09
Darren Fells,TE,N/A,216,378,2022-05-09
Mike Glennon,QB,NYG,216,379,2022-05-09
Anthony Firkser,TE,ATL,216,380,2022-05-09
Charleston Rambo,WR,CAR,216,381,2022-05-09
Damiere Byrd,WR,ATL,216,382,2022-05-09
Deven Thompkins,WR,TB,216,383,2022-05-09
Miles Boykin,WR,PIT,216,384,2022-05-09
Eric Ebron,TE,N/A,216,385,2022-05-09
Drew Sample,TE,CIN,216,386,2022-05-09
Chris Herndon,TE,MIN,216,387,2022-05-09
Joe Flacco,QB,NYJ,216,388,2022-05-09
N'Keal Harry,WR,NE,216,389,2022-05-09
Gardner Minshew,QB,PHI,216,390,2022-05-09
Jordan Wilkins,RB,TEN,216,391,2022-05-09
Ty Johnson,RB,NYJ,216,392,2022-05-09
Travis Fulgham,WR,DEN,216,393,2022-05-09
Brandon Allen,QB,CIN,216,394,2022-05-09
Jacob Hollister,TE,LV,216,395,2022-05-09
Salvon Ahmed,RB,MIA,216,396,2022-05-09
Peyton Barber,RB,LV,216,397,2022-05-09
Richie James,WR,NYG,216,398,2022-05-09
D'Vonte Price,RB,IND,216,399,2022-05-09
C.J. Beathard,QB,JAX,216,400,2022-05-09
